Date,Asset1,Asset2,Asset3,Asset4
2021-01-01,0.0051671415301123265,0.009283863399744224,0.0019531430370707016,0.030619050972048117
2021-01-02,-0.0011826430117118465,-0.010865983890131504,-0.005811677575753542,-0.0007705730210339324
2021-01-03,0.006676885381006924,0.010635271041267923,0.0019121650424519729,-0.011134508270567405
2021-01-04,0.015430298564080255,0.01646765430565941,0.00780617240650943,-0.024019430281805237
2021-01-05,-0.0021415337472333595,0.00516121883868441,0.0008840409845598606,-0.028650234820095124
2021-01-06,-0.0021413695694918054,0.02272154975069679,0.0007682836768543533,-0.02514617508808784
2021-01-07,0.015992128155073913,-0.009085470389242876,-0.009627883629294575,0.004474026416183734
2021-01-08,0.007874347291529088,-0.014735856439737004,-0.009080612845713274,0.008339600371678942
2021-01-09,-0.004494743859349522,-0.021144642986851345,-0.01943647380519571,-0.025099051232514137
2021-01-10,0.005625600435859647,0.018152531737870195,0.02469407440461715,0.014520613025217849
2021-01-11,-0.004434176928124623,0.008052387876248693,-0.017214085295477993,-0.007528976826935032
2021-01-12,-0.004457297535702569,-0.0004670160509254609,-0.009500672769142703,0.00254868819176879
2021-01-13,0.002619622715660341,0.0035596235158378434,-0.009857701717968764,0.02599553005208679
2021-01-14,-0.01893280244657798,-0.013305868567580518,0.012728941277222178,0.014549429053848512
2021-01-15,-0.01704917832513033,0.029549023755401915,-0.003929295496088389,-0.004096490366493317
2021-01-16,-0.005422875292409727,0.00175065418370273,0.017668389017432274,-0.014059075606644598
2021-01-17,-0.009928311203344238,0.0015127375352587148,-0.00922886873941416,-0.03422904642126888
2021-01-18,0.003342473325952739,0.008909199486784303,0.004105918271133228,-0.011306453107878721
2021-01-19,-0.00888024075521211,0.005972110780840558,-0.011494858745636603,-0.003178083821243111
2021-01-20,-0.013923037013352915,0.0028866082913495766,0.030232087788827435,-0.015594872434418943
2021-01-21,0.014856487689215542,-0.009285693465343742,-0.01642637786641318,-0.0019001114734768757
2021-01-22,-0.0020577630048653566,0.005857620285631949,0.004537489943178385,0.0014296301273402916
2021-01-23,0.0008752820468792384,0.022784293957700402,0.00907287633304938,-0.003397695708929257
2021-01-24,-0.014047481862134567,0.01634504055385973,0.005993187364320975,-0.010200041293175355
2021-01-25,-0.005243827245251827,0.019318239519672764,-0.002394027224287916,0.002898474751467643
2021-01-26,0.001309225897098661,-0.005934588117174222,-0.0016174897962679662,0.007271050393110544
2021-01-27,-0.011309935774223028,-0.01167525784310297,0.0008133606077075343,-0.01724638523908554
2021-01-28,0.003956980183456719,-0.0013094430411957777,-0.0018580280227988404,0.02277491807594032
2021-01-29,-0.005806386899188051,0.0008686989474643353,0.013694307635128735,-0.0013774101165481877
2021-01-30,-0.002716937497932768,0.013330298221651384,0.031147322022278916,0.0005015939671175626
2021-01-31,-0.005817066122293969,-0.020109575556577833,-0.007604884990109671,0.011531430772104915
2021-02-01,0.018722781845089378,0.018554603833527365,-0.018977241714107092,0.003931458100216026
2021-02-02,6.50277526206608e-05,-0.001696094782947873,-0.0010359486769175674,0.015450186142611922
2021-02-03,-0.010377109289559002,-0.0049225728393690405,0.03631593072716046,0.004793986643229187
2021-02-04,0.008425449121031891,-0.01194525250312201,-0.01105144395157623,-0.009598997994247006
2021-02-05,-0.012008436499710222,-0.019658280062389233,0.023147635276216945,0.005984056403297626
2021-02-06,0.0022886359500475543,0.010078047007542975,0.023687811397070168,-0.01809961931713059
2021-02-07,-0.019396701238797758,0.0010798156062608467,-0.007550235383911925,0.0019369552924243705
2021-02-08,-0.013081860488984305,-0.015279530796892647,0.008165763108593856,-0.00033167985031137283
2021-02-09,0.0021686123586912355,-0.015340945264763393,0.02299755272379953,-0.0031298697163606353
2021-02-10,0.007584665799954104,-0.003829416391481539,-0.0051077883738248194,-0.001856600183022892
2021-02-11,0.0019136828118997051,0.020228258303472715,-0.002650125041433065,-0.029909584727962228
2021-02-12,-0.0009564828238824054,-0.0029150962163632574,-0.007943532795281013,-0.008579598523855383
2021-02-13,-0.0028110369558928877,-0.017837715437417277,-0.014006594229700136,0.0016855184182578355
2021-02-14,-0.014585219903674274,-0.002748916769031332,-0.0088898856309241,0.002757702271958406
2021-02-15,-0.006998442083947087,-0.0030726828369720457,-0.016935163734671594,-0.016242802254815333
2021-02-16,-0.004406387709597876,-0.03216263971529886,0.000677168555629165,0.02045132545383521
2021-02-17,0.010771222262189158,-0.0004515383982137465,-0.010579625234820984,-0.013658797571432013
2021-02-18,0.003636182895684614,-0.0025712143625041357,0.003473002765070468,0.01571131520842779
2021-02-19,-0.01743040155362734,0.00855447637776102,-0.021582539046850785,0.007035109789946957
2021-02-20,0.00344083969394795,0.022387473139344142,0.004832323251002399,-0.010139636957500848
2021-02-21,-0.0036508228041631655,0.01371878035457309,0.011869405462524945,0.028604974281752193
2021-02-22,-0.006569220003059588,-0.0030266642866579666,-0.02771229899600038,-0.018898189308103684
2021-02-23,0.006316762888408678,-0.013078310904900043,0.005436791977866009,0.014906466777760025
2021-02-24,0.01050999522495951,0.031080317638998323,0.01738736589462609,0.016209317088687652
2021-02-25,0.009512801191161987,0.0009106212081738591,-0.016734974261676878,-0.010529923345226318
2021-02-26,-0.008192175232226385,0.00036715150295535447,0.023616013415727846,0.02247944480102926
2021-02-27,-0.002892123758512146,-8.950104532003933e-05,0.006066266131124633,-0.0038007442335832443
2021-02-28,0.0035126343140356397,0.0025770171292142595,-0.009670165980617724,0.004819098068477712
2021-03-01,0.009955451271223593,-0.0015323249430873097,-0.0005807670872078842,0.004365149420339531
2021-03-02,-0.0045917423784529,-0.006683944082562836,0.008016576775304114,-0.0019489398635287648
2021-03-03,-0.0016565897666381711,-0.006362307294884706,0.001264075479773761,0.013172932370556514
2021-03-04,-0.010863349740060282,-0.00019303924259198065,0.007742583894249169,0.012895819528835409
2021-03-05,-0.011762066240806708,-0.00632109725360518,-0.012689430303111128,-0.027776511571810894
2021-03-06,0.008325258223941982,-0.008354149392125972,0.002571051536505092,0.021069443886050438
2021-03-07,0.01376240028570823,0.0014771627323027622,-0.019592002956669723,-0.026399871808570792
2021-03-08,-0.0005201012158033386,-0.0028597266090502633,-0.0013571648588818043,0.016720739269466517
2021-03-09,0.010235328978920242,0.01824791586299226,-0.012454706980507057,0.018227282189241332
2021-03-10,0.0038163602504763415,-0.03161163770071614,-0.010097419196256731,-0.017255462883443172
2021-03-11,-0.006251197546051243,0.013298082223069541,0.01750530445294612,-0.006373028607273358
2021-03-12,0.0038139560550841394,0.015153022309971549,0.015478341688319767,-0.017491274695774973
2021-03-13,0.015580365664659692,-0.024680682788897797,0.008727933692700479,-0.003238736484619765
2021-03-14,-0.0001582603910995154,-0.003912251128964186,-0.015092378705416106,-0.00472854854697186
2021-03-15,0.01584643655814006,-0.0042572903919494975,-0.004229718295727227,0.012674568516309439
2021-03-16,-0.025997451040897446,-0.016690140336613857,0.017183367799708565,0.021164939937913733
2021-03-17,0.00841902504375224,-0.009133800251090504,0.0021840367909586665,0.022530940972639295
2021-03-18,0.0010704706823817123,-0.013126910145589945,0.03267061355974372,-0.008794688425252833
2021-03-19,-0.0027900735046586748,0.02122724532108347,0.005706449751521206,-0.0031475499799124445
2021-03-20,0.0011176077653550231,0.011428140717769535,0.0028886876308604425,-0.026735011075535206
2021-03-21,-0.01967568914600893,0.015458661139929906,-0.0041276304988350195,-0.01269392106393902
2021-03-22,-0.0019967188783751194,0.008860064768518822,0.0020695726669519524,0.01563762612955932
2021-03-23,0.003771125715117464,-0.01334862125460675,-0.0019345777093276147,0.026049325176771707
2021-03-24,0.014978940447415162,-0.006094243195357284,0.010113521473640268,-0.019549581950078755
2021-03-25,-0.004982702182736475,0.006072494734735016,0.013593832435124178,-0.009279428146446307
2021-03-26,-0.007884936028931876,-0.014465533706703344,-0.010803852447111293,-0.00022249211134283247
2021-03-27,-0.004817570435845366,0.008755981162068658,-0.018437261349808894,0.004682578541113708
2021-03-28,0.009354021177020742,-0.0026839047778976204,-0.025506875223446152,-0.012753656318746339
2021-03-29,0.0034875110965968447,-0.004297849690595171,0.007311878576775612,0.0069849767114254354
2021-03-30,-0.005097602037670388,0.008731519618441898,-0.01524713248643423,-0.007381429553134659
2021-03-31,0.005332674331133561,0.0055311597378324764,-0.02994046830133476,-3.1236334052465645e-05
2021-04-01,0.0011707754934804039,-0.0041315939898289595,0.005640100463433497,0.008940547968059194
2021-04-02,0.009886449905328894,0.014111957640370978,0.03510199324405907,0.0003027563169750051
2021-04-03,-0.006820530938773524,-0.012772759931198767,0.00011500723844149347,-0.006782174248425098
2021-04-04,-0.003076621465977682,0.007591227283331165,0.011938870842322986,-0.0015537568628132934
2021-04-05,-0.003721081531321576,0.0073172150956206045,0.0013456110196659102,-0.001213807347285365
2021-04-06,-0.014435149481321186,-0.0035145572717678836,-0.0011844551446759972,-0.005720176478114044
2021-04-07,0.003161202770645761,0.004113596266905416,0.01306707076182876,-0.003940737002673638
2021-04-08,0.0028105527217988932,-0.014813362916623635,-0.0038638436186411184,0.02577835472807547
2021-04-09,0.0002511345664246089,0.011288324230482812,0.003943492397006641,0.00917471116705982
2021-04-10,-0.0021458713337514693,-0.002018825637315868,0.004703769286744191,-0.004527685088466567
2021-04-11,-0.013953707420504143,-0.006072676246228475,-0.009153266351002682,0.01135127047217177
2021-04-12,-0.0040064532276535905,0.012788110710042672,0.014088592893511321,-0.00514111183609616
2021-04-13,-0.0032271451652676948,-0.008252124286513111,-0.002249436593735721,0.01896999420138626
2021-04-14,-0.00782277269221619,-0.016701535556362716,-0.010380432232899826,0.006114275075169502
2021-04-15,-0.0014128571166600913,-0.018479550082286845,0.00771113780998565,-0.001516834304067662
2021-04-16,0.004240508568145384,0.0074721194161476755,-0.012378551745074521,0.007363470812964442
2021-04-17,0.0190618590121053,-0.015165152229955396,0.0005945362031677955,-0.024934018433095992
2021-04-18,0.0019457781283183898,0.021257530183812375,7.23340469811504e-05,-0.017828279502556887
2021-04-19,0.0027755039072276436,-0.024783152894604667,0.015402537921642093,-0.01890280010238489
2021-04-20,-0.0005444591576616722,0.02055747641948046,0.006845775260319338,0.0024870895162193082
2021-04-21,-0.018987712152990416,0.002732209606431421,-0.00015037742243201484,0.02792023999176147
2021-04-22,-6.513875449216876e-05,-0.0009605573424447087,0.01164872818880402,0.03590080233908212
2021-04-23,0.0008023020994102644,-0.0063390290417073974,0.019662905686242387,0.010408817623052116
2021-04-24,0.02483242112485286,0.00498963337222485,0.008009344288926072,0.008213511599111312
2021-04-25,-0.001723609647811225,-0.00025161642909818035,0.0003449366778073285,-0.028616923746443826
2021-04-26,0.0032154734233361248,0.013439622584198258,-0.018165707252902237,-0.008482780795744348
2021-04-27,-0.0001471176970524331,0.0015707317839444759,-0.014711591283055216,-0.012404540030531822
2021-04-28,-0.01148678037619532,0.0020036211375425313,-0.004073145860965347,-0.009733561572017857
2021-04-29,0.011628228145150207,-0.004163346546566271,-0.008333170830229964,-0.0024903010973566335
2021-04-30,0.007719330326867741,-0.0004833474846528095,-0.002417598241796244,-0.007353449243154038
2021-05-01,0.00811031947043047,0.0038936212267047104,0.0009930989485595002,-0.031468796966012604
2021-05-02,-0.008893874547947388,-0.02032202071187951,0.007615698560994231,0.012166564097880542
2021-05-03,0.014227943109360992,-0.015978225065268557,-0.0007869828928272772,-0.016963888411836905
2021-05-04,-0.013818510627922808,0.00911916912827258,0.007011023013566826,0.004027949825778392
2021-05-05,0.006068570938002703,0.0022503852575353023,0.0011026418073416834,0.033385322715999574
2021-05-06,0.022104556258099785,-0.0020078000362321493,-0.0274565319289542,-0.014510153465382774
2021-05-07,-0.009705363251306883,0.0004212071967847179,-0.01295069551346256,-0.04028460036394128
2021-05-08,-0.00546297729602772,0.0043709804643400525,-0.0018172257801026166,-0.0043760675500817735
2021-05-09,0.0011965136508764124,-0.006277116163712338,-0.016735726399775507,0.017815354159977138
2021-05-10,-0.004834756541161993,-0.009139656704827751,0.008599002219946864,0.0315335592675295
2021-05-11,-0.015306634310661326,0.002550143061172179,0.02163051165281176,-0.01947279351123867
2021-05-12,0.0008856297480602733,-0.011540473331380384,0.01726266592376243,0.008147187571784347
2021-05-13,-0.01042303713726105,0.005099033068573662,-0.002788200193022912,-0.007244967308480854
2021-05-14,0.004935924306351816,-0.020231003250854085,0.021070165915899327,-0.0014951736688661704
2021-05-15,-0.00899424234233803,0.012549867647907725,0.002281344400829562,0.042509493552272556
2021-05-16,0.015699344050175396,0.0058711697889565154,-0.004519203595652551,-0.023847525254322453
2021-05-17,-0.007632532923362371,0.003272356811766508,-0.008387637289573157,0.004259834583913174
2021-05-18,-0.003020615162056756,0.011992291807346168,-0.004034575610833797,0.007683090748246931
2021-05-19,0.008335172173696698,0.02018569333355092,-0.005234475459577203,0.017572581199029554
2021-05-20,-0.012108643164339551,0.012372440780217566,0.002585827113256828,0.0017677304555343272
2021-05-21,0.002474599346041294,-0.021890490775979744,0.0024480357346981043,0.005128808632065637
2021-05-22,0.013271427542824283,-0.015154923600828419,0.00024264428214780257,-0.006066377078748658
2021-05-23,-0.015874832345612277,-0.007297822932348146,0.0063171343764488975,0.004506031059921717
2021-05-24,0.002046338585323042,0.0005130926025300054,0.016869047847008777,-0.005291076407958568
2021-05-25,0.0027988279424842354,0.006411908245629476,0.013493757896178533,0.010145150237696814
2021-05-26,0.008018228717773104,-0.008508925757841587,-0.02058857155829865,-0.005713765376698144
2021-05-27,-0.012169507108780819,0.00244120117372494,-0.03555489588862737,0.006233606302434983
2021-05-28,-0.013004566130842762,-0.008864595188239871,0.013280478757349832,-0.0002682050189596537
2021-05-29,0.005419415656168976,-0.0071382136359033795,-0.018936301777815898,0.01821680401235469
2021-05-30,0.0031698467323318606,-0.016679933162178667,-0.0029467156264975695,-0.0006222995774157799
2021-05-31,0.0027049285034587657,-0.010878798953330852,-0.016181582364831033,-0.028168519491310103
2021-06-01,0.003664482094969757,-0.016020215267396005,-0.025027726126120278,0.020390744011423868
2021-06-02,-0.006600247215784908,-0.011510479035727992,0.007780478194867032,-0.014291716813801902
2021-06-03,0.0025225369716100356,0.012843701559294075,0.010828172244237056,-0.010260261418381118
2021-06-04,0.003130724732986813,-0.011192786665983315,-0.007871145610174072,-0.009330580704695873
2021-06-05,-0.006943514180263679,0.03178858477804869,-0.03607459209002874,0.022191009490733077
2021-06-06,0.018857745111447565,0.006119814810570671,-0.007447422275534759,-0.03397078742365913
2021-06-07,0.004938329209117875,0.002418033484338487,0.005685256075635651,0.0504039765385599
2021-06-08,-0.011713034972026486,-0.010100293362174563,-0.020504761962837806,0.01709690894505683
2021-06-09,0.006765536086338297,0.008603718552907896,0.002767038876908179,0.0037718226260665547
2021-06-10,-0.009546816702273215,-0.006707653914853288,-1.4337888421937805e-05,-0.0006783040098605822
2021-06-11,0.008070846037424521,0.0016641177757443374,0.008310080994415239,0.004768865197722511
2021-06-12,0.011785955790074042,0.030921014459225536,0.0018741251577981458,0.008537958854069414
2021-06-13,-0.008006823183517104,-0.0009527187966957986,-0.013422965172341777,0.010523449375200913
2021-06-14,0.009833761292443219,0.01399127991542811,0.016952001023302878,0.009089671456055177
2021-06-15,0.004327809269364983,-0.008238117101510649,-0.00201941402237758,0.0016332909000839812
2021-06-16,0.0084206015999449,-0.00021986188596354037,-0.00018226355313904604,-0.0029574147249172176
2021-06-17,0.019167929826539472,0.021449607627626117,-0.012865751427024744,-0.002220372538456187
2021-06-18,-0.002253881160028705,-0.007323604693453209,-0.006005951516681145,-0.0029185324856428963
2021-06-19,-0.007337361643574896,0.021949382695963145,-0.012187237996376613,0.018340321549873032
2021-06-20,-0.008695144296255232,0.008693023225465706,-0.0022212448389279217,0.009696907556493791
2021-06-21,-0.007958102849654383,-0.006549601310731212,0.02416391872199281,-0.046846218154628486
2021-06-22,-0.000571017094141042,0.007788892868666251,-0.01900661600103899,0.010694412424476177
2021-06-23,0.003611519748166439,0.011870653395520759,-0.022389859570274378,0.003315779115500398
2021-06-24,0.0029669079933001908,0.0076617195466063565,0.02079638458491052,-9.934010313435867e-05
2021-06-25,0.008471832490360239,-0.01864269663868548,-0.0027305314801261255,-0.0060162952494221735
2021-06-26,0.0003300189187790702,-0.008525646109898423,-0.009167018341238831,0.018185803519776216
2021-06-27,0.01473534077157317,-0.002770223626618057,0.01475866562354507,0.015360423393965726
2021-06-28,-0.0024465683323795606,-0.0006932011492005555,-0.008278617556316098,-0.012166042685177746
2021-06-29,0.027401691665896188,0.007648065170608135,0.025764135989657107,0.0067128365939925615
2021-06-30,0.006456673477650062,0.0023324120111990463,0.009690962198749768,-0.015346507752660575
2021-07-01,-0.008371575564162825,-0.01582413230452122,-0.006630759714039838,-0.02187389063662289
2021-07-02,-0.010508924980611123,0.004762374212071558,0.03040231498571705,-0.009827475593439442
2021-07-03,0.005024724152431853,0.007527028943405878,-0.008280008922046738,0.013998295558124142
2021-07-04,-0.0020346278532585088,0.006917485375172477,0.010589335208130298,0.015450000726017387
2021-07-05,0.00734000494092092,0.013169368706655462,0.004390096125690887,0.008409366721556687
2021-07-06,0.004932376245735448,0.010207065854586849,0.018424378051583173,0.011801532589567955
2021-07-07,-0.0005282891265687278,0.00571016095074124,0.022061156754175935,0.008458852593839335
2021-07-08,-0.008267937180684049,-0.0006419885375037644,0.0006480580869207327,-0.010063705523567236
2021-07-09,-0.014948472246858645,-0.0197315312021919,-0.010347850184846567,0.00711076071478305
2021-07-10,-0.004265149520670211,0.00535541862959103,0.0066396100011476295,0.013006552403642917
2021-07-11,0.008763987943234724,0.002692252245957334,-0.009288015176529486,0.012268661277017189
2021-07-12,0.0023409374413020396,0.0034589460463444817,0.028387421465372722,0.019222613943594286
2021-07-13,-0.01225738778711988,-0.015120982909843712,0.002111494635158324,0.011532861555217022
2021-07-14,0.00193180925851182,-0.012772678484899148,-0.004914501718369522,0.005823171320665326
2021-07-15,0.0040531737972883675,0.012837834239994843,0.002785524282108718,0.01732240381306284
2021-07-16,-0.00863857436201133,-0.00027466184627986047,-0.01865976805341575,-0.00022434014798496102
2021-07-17,0.0017372510594552792,0.008378008368471494,-0.01340259653914912,-0.013909994419643485
2021-07-18,0.0007820871844599989,0.0005398205135655341,0.017005794711221954,-0.002409071423100222
2021-07-19,-0.01122970297830623,0.0005570736739489423,-0.00899651990559954,-0.011718442316903185
2021-07-20,0.003777873603482833,0.011459405671711973,-0.014456753757547154,-0.010602852399590105
2021-07-21,0.005807845263682344,-0.0059925367386084874,0.0077131385353820065,-0.002112298731448285
2021-07-22,0.011030512431752772,0.0013534493232918005,0.016799858165281956,-0.012478718735999381
2021-07-23,0.01073802052034903,-0.00534730346446051,0.010265346349310934,-0.004727384474224645
2021-07-24,-0.01357669367957091,-0.0050139547291877876,0.01414466760128143,-0.030097834671260572
2021-07-25,-0.009178250399151228,-0.0035100654816236725,-0.01039513123997245,0.0036126993179670173
2021-07-26,0.005350352672086597,0.0028656052596045542,-0.019705349334385815,0.0002192876057955878
2021-07-27,0.005337859509122088,-0.005544983459961728,0.021218671127376812,-0.01287341809709105
2021-07-28,0.005350476863060479,0.01526907350688225,-0.004317517743789901,0.010747930694918481
2021-07-29,0.03872731490654721,-0.010535287626634046,-0.003311662230370663,0.015201122202024934
2021-07-30,0.00590890510693167,-0.0020424597299363084,0.01879471798588681,-0.025520957829903587
2021-07-31,0.01155565640180599,-0.005076772699290099,0.007987220131609239,-0.012003596457059427
2021-08-01,0.009740017634932024,0.017563734612244794,0.006582428809142507,-0.01210627759659677
2021-08-02,0.00671391251305798,0.0025586573181388956,0.030510032828615176,-0.014838449617741833
2021-08-03,-0.002952692446403456,0.01258213447362362,-0.008809255225322,0.013471597470907976
2021-08-04,0.007789692204932674,-0.017626724476443666,0.013189761793137321,-0.0029012182203648562
2021-08-05,-0.0075282521453757184,0.003404603190431106,0.000998183748559183,-0.004032237460969773
2021-08-06,-0.002168186067400089,0.010875569547481246,0.003960291904085597,-0.031861797830508055
2021-08-07,-0.004653635478291035,0.0011874078713050903,0.02159855796977544,0.010366688483347623
2021-08-08,0.0010187413938632255,0.012985764500784215,0.007309700588054732,-0.019628134317655564
2021-08-09,0.023346585666735087,-0.006007461401204467,0.007736145106694861,0.001158922084261252
2021-08-10,-0.01847265192591748,0.017112169282226957,0.015215102722337231,0.004638031007331067
2021-08-11,0.007062601903745134,0.027786777483431002,-0.004909338213600395,0.021970537533418415
2021-08-12,-0.015927158711896518,-0.004154062725275909,-0.011548935342746088,-0.020741126385905796
2021-08-13,-0.004519318657894335,-0.005146030256809262,-0.01442732871629447,-0.048112194493133205
2021-08-14,0.011089505969673662,0.01764061372541241,-0.027328992251264027,0.0031415927160591177
2021-08-15,0.0008428001909546276,0.019154865748768547,0.02898689981916451,0.02900817890417366
2021-08-16,-0.010577447779293061,-0.0060743203258392196,-0.015244917120103563,0.020023141647030996
2021-08-17,-0.006953037092599683,-0.004842241805150287,-0.002897550730200808,0.0035545506443940126
2021-08-18,0.006995977489346758,-0.0031814153063260864,-0.0036753861984448895,-0.0076661789701127575
2021-08-19,-0.007103666317171367,-0.015933406132411326,0.00450369376932741,0.013113961546196966
2021-08-20,0.002364585895819749,-0.010823823357810378,0.011620320975550156,-0.015376739195271499
2021-08-21,0.0006557183990381378,-0.011849689201024815,0.012246628837036436,0.007821724309699508
2021-08-22,-0.006316003476058172,-0.009013570781249541,-0.007963084139965137,0.00828752254666603
2021-08-23,0.021639440893253255,-0.00021621864864137416,-0.002139703993009761,0.017163358519982075
2021-08-24,0.006539190223180112,0.003010576790438249,0.004156119306836195,0.04435456062257724
2021-08-25,-0.020051425866576073,0.018806005913768922,-0.0032816757665696593,0.0064786554748602725
2021-08-26,0.0020645431476942764,-0.011780248488865492,0.022702838064279897,-0.00794341801131998
2021-08-27,-0.00641786464768388,0.012011868781719006,0.007073649322935518,-0.00020918899507191098
2021-08-28,0.00872433334796224,-0.0023678661307061076,0.010488289004697445,-0.028105214478225893
2021-08-29,-0.007725207384327006,-0.00039356451582919544,0.009480337761343778,-0.010915410097424931
2021-08-30,-0.0009473644146689902,0.008297833905999245,0.01662863400479455,-0.006348519009809665
2021-08-31,0.005249872789804572,-0.013272664258747582,0.0027343018218518975,-0.00818541436695348
2021-09-01,0.008857551941701215,0.004788916954208607,-0.017955647271381853,0.002637677952539552
2021-09-02,-0.011802964070557762,0.002197426498556673,0.005795631324536982,-0.012958718918115208
2021-09-03,-0.003145012358409484,0.006109415168097789,-0.008918996513085605,0.01813649067719154
2021-09-04,-0.004549453111609562,0.0036700237268938174,-0.007200633544496596,0.00020331303869115352
2021-09-05,-0.0063332923257371195,0.02966360167893073,0.008409096262571306,5.1194861782169346e-05
2021-09-06,0.01785454240281097,-0.007452879811015792,0.0175359630000709,-0.005046315464206686
2021-09-07,0.004249817109609555,-0.006171963460021812,0.0004978020743048631,0.0026830509417436663
2021-09-08,-0.012408839543350451,-0.0072776863170971725,0.0045236621763854925,0.013401572234682156
2021-09-09,0.009378619470547762,-0.006465725429923057,0.02403100922489333,-0.013674083451374405
2021-09-10,0.021421561970126332,-0.007448645527678213,0.003570544512839956,-0.010329863825204106
2021-09-11,0.01052465260551147,0.014468198373290622,0.036623563598525526,-0.004659616460426635
2021-09-12,-0.014993699659540134,0.01724605097587826,0.008117135038841618,-0.02133393477557144
2021-09-13,-0.004642340728662514,-0.006648955524993716,-0.024450678628181448,-0.012908125755543964
2021-09-14,0.012869111491866227,-0.009788266877250745,0.010746782695463456,-0.007419533976714545
2021-09-15,-0.006876694656187808,0.005856986676636849,0.005536217388358888,0.014190226891403642
2021-09-16,0.004638194281462284,-0.006426676531371655,0.018256538557158437,0.004400981264030799
2021-09-17,0.007946340534293368,0.007795181813066129,0.009624538917779419,0.00329743858188071
2021-09-18,-0.009069304715780829,0.0026350762502155966,-0.0017383837757728334,0.013814367394687556
2021-09-19,-0.00039525356061800084,-0.017988929379966784,-0.01694017530805112,-0.001997948614390346
2021-09-20,-0.03221267340069073,0.01877006241596074,-0.002726325602004354,0.006447437598862233
2021-09-21,-0.010043876413342898,0.02175053207714626,-0.0117072863589302,-0.0014515480469199397
2021-09-22,-0.002325681513931603,-0.007153464285812635,-0.007927328297266117,0.004445797590394054
2021-09-23,-0.012277831819648494,-0.00445241871923181,0.008440097661888536,-0.009124138521785313
2021-09-24,0.016524113039316352,0.0036303846886988596,0.023578663060919686,-0.03882107453242287
2021-09-25,-0.014101413779606326,0.0042134814798442995,0.005725401417521735,-0.0019484665949808665
2021-09-26,-0.004200444866969838,0.008102531272073965,-0.01654236286849258,0.02296397017759904
2021-09-27,0.0015074057728609136,0.024322454465196194,0.00642443735508197,0.01501944643586548
2021-09-28,0.014612732890661156,-0.0019233667299285925,0.016952840813039115,0.01564635975345873
2021-09-29,-0.014158621511794393,-0.009379566934461445,-0.00833696066047135,0.019978091548899485
2021-09-30,0.011831637521549596,-0.016351830736174328,-0.0016762403334208476,0.001618521455382999
2021-10-01,0.0003023306101958705,-0.008571160479303029,0.00040563472620875935,0.0033570513184895297
2021-10-02,-0.00961508651047951,-0.00019752367448556515,-0.010788576383151359,-0.009682430326949602
2021-10-03,0.004821034742632707,0.021734694362213453,0.009275926073814026,-0.004857165696432797
2021-10-04,0.0021905969557347005,-0.006011335588434057,-0.001493274080508942,0.010052338396338265
2021-10-05,-0.005802168771587947,0.002885455419666782,0.006073454214698388,0.01946215099470106
2021-10-06,0.0008980208499001891,2.92524712697511e-06,-0.0122248904892294,-0.0020311404108959924
2021-10-07,-0.003653135968617602,0.014460719281377009,-0.005924416204527746,-0.007003028237622586
2021-10-08,0.0013351734525124804,0.03052318911048346,0.0103133390095888,0.0002084473417055567
2021-10-09,0.006821306745210466,-0.006170425275043848,-0.005019664129284738,0.009819307982865838
2021-10-10,0.01606016816145352,-0.005673273310218666,0.02437749391726767,-0.02290167705813667
2021-10-11,-0.01217815498826849,0.012729930524828865,-0.005394906598604433,-0.03653889525019581
2021-10-12,0.021530333746562665,0.008382697875515738,0.003345586160526403,-0.008608589591865336
2021-10-13,-0.01932087799522502,0.022360487908832404,0.013256271646223259,-0.01933139881462654
2021-10-14,-0.0013178509503558333,0.0072071382239115665,-0.019657120261062446,-0.007930243162356973
2021-10-15,0.0060831720648457654,-0.004111505089444715,-0.024451323367730864,-0.0021644851010795443
2021-10-16,0.0030099186773503268,0.007287857968307711,-0.02115918840398133,-0.0070519745443682145
2021-10-17,-0.006026995198205938,0.013504442966994894,0.01787617744798055,0.023439480551531926
2021-10-18,-0.0018812225035727522,0.01004578617436837,-0.007526014042494255,0.005427916233637121
2021-10-19,-0.004730009346588329,0.006287288373287573,0.036014789999355534,0.005007589753773254
2021-10-20,-0.0056936475694421155,0.013000096275069848,-0.0076994663812034415,0.010155314304694431
2021-10-21,0.008696020970210248,0.014231547085348075,0.002783718244758518,-0.01802132988449231
2021-10-22,0.0037701548596504736,0.016785907892450325,0.021789539335950257,0.016825788598724297
2021-10-23,-0.006729095952606542,0.007984518651075712,0.02828530043422772,-0.001012228584567358
2021-10-24,0.009195998754332508,-0.0018054169638022522,0.02906105007290957,0.010927689875859401
2021-10-25,0.0032729952087660933,0.001960564237199874,0.017117127228303993,-0.016949715728642487
2021-10-26,0.008328621188389602,0.014678107598100282,0.014536875361360474,-0.02466014025625703
2021-10-27,0.006496288419236122,-0.009603228051846832,0.008495377288816565,0.01328623452840046
2021-10-28,-0.008089950109220723,0.004624079706474814,0.011097055066332928,0.006222552417560265
2021-10-29,-0.005401810401969696,-0.004520065747928329,-0.007516600028599468,-0.014232824869720166
2021-10-30,0.007672936051232618,0.0005449378752178099,-0.0112547843679123,-0.01371460930039511
2021-10-31,0.0063037026543346485,0.015541422351287585,0.0001527575962466713,0.01820695655063631
2021-11-01,-9.015939641481317e-06,0.0024931888162388403,-0.0021825847153489984,-0.018830590285877247
2021-11-02,0.00137327383308782,0.0007572385778737857,-0.006145192690581853,0.026482767252095415
2021-11-03,0.01297664895788425,-0.01611827369175903,0.009949424264394015,-0.0142099317543659
2021-11-04,-0.0057157138883583,0.009155042792326649,0.01357427291998715,0.010414270809734128
2021-11-05,0.005670973811700379,0.007945810173692905,0.001437696408085863,-0.005057895611983754
2021-11-06,-0.0018219265243389405,0.026159056679665522,0.020885421134773666,0.009850998897317489
2021-11-07,-0.001976812032272203,-0.00349333881943601,-0.01578364759786907,-0.00850582403382708
2021-11-08,0.011187768519871901,0.0028298039319672678,-0.0025112324299160537,-0.0024046864971567074
2021-11-09,0.008454163489880298,0.0031926042045290633,-0.00983551248843927,0.0008547068063315381
2021-11-10,0.008335096360006386,0.01912943935716169,-0.025931512639022842,-0.015834999292503565
2021-11-11,0.013254788071543292,-0.0009435463886434252,-0.0009575296017977896,0.012053189526722016
2021-11-12,0.0004100384163275905,0.0035482583092440708,-0.0015044651173659693,-0.008011417063545363
2021-11-13,0.007019529712949639,0.00749475811659847,0.021388296405389834,-0.0034575986454402972
2021-11-14,-0.0029026675659345603,0.0024393094778762973,0.009031363583766886,-0.015709589993736197
2021-11-15,0.0034416635248844213,-0.00515720337460634,-0.014138615540608869,-0.04079733854072497
2021-11-16,-0.0011014305436768458,0.0025290799147796913,0.026157295928678635,-0.0028564442016027042
2021-11-17,0.0011699596499271819,0.013083580998317265,0.01729447173735494,0.038801846745806653
2021-11-18,0.006151570254369136,-0.012118183592932723,0.008349367848560621,0.012753668606368382
2021-11-19,-0.007982206832334724,0.001795636089762512,-0.0029707773838976467,-0.00010816607575031423
2021-11-20,0.0211238727568546,-0.008201449779270079,-0.013232149314128716,-0.0040062532673322835
2021-11-21,-0.00986017381499702,0.014540559547098111,-0.005010894864994743,0.0005594542849927421
2021-11-22,-0.011941886127877322,-0.018078242857405297,0.015442480675858605,0.00895390584280336
2021-11-23,0.011781108735000679,-0.006507062167259061,0.026584208283084526,-0.018693005044941518
2021-11-24,0.008116626939629359,0.0047265425007742504,0.021805409395810646,0.01802914711470195
2021-11-25,0.006441198170521551,0.018986288350812085,-0.006643891905007838,0.011646101047059905
2021-11-26,0.006483455092642799,-0.0005890031328758536,-0.015474644066046156,0.011690971611326952
2021-11-27,7.753227153085377e-05,-0.006462394320318381,0.0021724074567568553,0.007215611820955636
2021-11-28,-0.008772543714858316,0.02277388483328708,-0.024558151117879925,0.0005138665231038384
2021-11-29,0.0009580455819372634,-0.017176166804994928,0.00472434799858694,0.01096577977546912
2021-11-30,-0.006571617115121118,-0.026185671479440984,-0.0018664362081813614,0.00966902613986205
2021-12-01,0.009951197334177512,0.005480173400639989,-0.006324511026155392,-0.005464651375056381
2021-12-02,-0.0012705738150213864,-0.0058246506922313345,-0.022125842941735138,-0.008977628366350415
2021-12-03,-0.008054971967925114,-0.01205479380556856,0.0073904014919760315,0.0018297007241917873
2021-12-04,-0.0030138584165299346,0.00870027736759224,-0.00725781175526676,0.024984322423922997
2021-12-05,0.004329314542756243,0.003125608565254386,-0.016178835699944036,-0.019625713210462414
2021-12-06,-0.005437245528039748,-0.006568943568840741,-0.04001167098594309,-0.023280404252039043
2021-12-07,-0.008022203955664314,-0.015163652784050732,-0.00018520867070890757,0.002836173459784268
2021-12-08,0.002636872114919123,0.010669487939361736,0.025011522353376416,0.001014203229696289
2021-12-09,0.002649665711087228,0.008002414135503932,0.02345762900367018,0.0029734666299265316
2021-12-10,-0.004869431753711298,-0.0009901103653525947,-0.006199347592207806,0.004103251166536004
2021-12-11,-0.004510383056183228,0.02235964395257199,-0.008230968845064928,-0.0033712360741568817
2021-12-12,0.0025204993735763633,-0.012641017195913831,0.0067628395850503325,0.024037815017633312
2021-12-13,-0.014280843414973241,-0.018106302051096868,-0.01377739614863608,-0.02541446365562425
2021-12-14,-0.013874637743765551,-0.008102896838574934,0.004425086597472524,-0.013055952396483935
2021-12-15,-0.0069844422125243605,-0.0003470321962659737,0.010925123897385664,-0.001452076162384758
2021-12-16,-0.0019344715171184723,0.003120073391872302,0.017377065134380306,-0.02609102097846668
2021-12-17,0.003309075655980046,-0.0026948326942759586,-0.001202157070719339,-0.0026136704709131386
2021-12-18,0.01495356216949552,0.004424664758171561,-0.0026514325024775223,0.02678352265164829
2021-12-19,0.008776596232020194,-0.014818473090285328,-0.012091756214591855,0.0005341838127353887
2021-12-20,-0.0013993852996342711,0.017525175248879112,-0.01137632495655804,0.0038912144914989358
2021-12-21,9.837920973111691e-06,-0.0007858141407108256,-0.0029707044866213745,-0.019962636242761286
2021-12-22,-0.009825293646378089,0.013607549979057533,0.005343117095426493,-0.00966178252863164
2021-12-23,1.4868640076100704e-05,0.004312704156532449,0.012990184767265493,-0.0058031420851829925
2021-12-24,-0.0026865863892013833,0.005681038629845407,-0.011044505309524827,-0.004883441548099745
2021-12-25,0.003427185603380895,0.007037207362786447,0.021097639965433304,0.020706300720060297
2021-12-26,-0.00807230943552323,0.00557250272020778,-0.0035957304145959627,0.009123056971601992
2021-12-27,0.005393465142411722,0.007912673118410526,-9.91421208781062e-05,-0.017583327310992512
2021-12-28,0.015527389130025777,0.016149830361589176,-0.010260963508069527,0.004144076454912078
2021-12-29,-0.0008876014845685759,0.0025582540364176417,-0.033739363643821185,0.008171547975948563
2021-12-30,0.0042171172209894145,0.008708045091062148,0.012576635549054697,0.018442384616340263
2021-12-31,0.007101439917111125,-0.0008768283314467207,0.010515814559294068,0.025488650985093977
2022-01-01,-0.0038122047188583626,0.017481406585393672,-0.0037385857996549876,-0.0160415070692459
2022-01-02,0.002440924818104168,-0.007916707624711236,0.0011378700411482068,-0.012773720179365412
2022-01-03,0.0003259240078179486,0.021811285194929787,0.007423149047857392,-0.01992124574263386
2022-01-04,0.0011767609854883173,-0.00028189540773212096,-0.021675641996411598,-0.003544317745711702
2022-01-05,-0.007530097838554665,-0.01696930122541658,-0.007206737482848127,0.007661733991141352
2022-01-06,0.00044510174258942717,0.0017372529789294714,0.01131970551470558,0.01599735226542563
2022-01-07,0.005179982912454497,-0.00797261988969857,-0.017360051924369492,-0.001015216378280364
2022-01-08,0.014711436077950418,0.01028772258786469,0.00430981105033281,-0.004917560372077504
2022-01-09,0.00979270826085207,-0.007631487751628692,-0.018792145264727673,0.002628127875979846
2022-01-10,0.021731824575115563,-0.005154201198577357,0.006730019754069369,-0.013162286426080368
2022-01-11,-0.007473475628880496,-0.022474488771346373,-0.00029898075216476994,0.033632619547116376
2022-01-12,0.008923206367206782,-0.005227675830988921,-0.022411845422677133,-0.02552257643388894
2022-01-13,0.0020334200573835174,-0.028886551919547483,0.0165063509624004,0.0031558492623315914
2022-01-14,0.022098029332176722,-0.01880683388182868,-0.01008428207517269,0.03257769950767423
2022-01-15,-0.007882982853551514,0.009324975873731569,-0.011143534118201334,0.0003087975129599643
2022-01-16,-0.00819721842180776,0.009629601903809987,0.0030079687612332,-0.0028406245600239113
2022-01-17,-0.005793926454440222,0.005305490741419576,0.016280922892002014,-0.005519126764966836
2022-01-18,-0.02103895724309807,-0.011403713717550555,-0.014021505465697557,-0.002686266908198525
2022-01-19,-0.005057550216807611,-0.00037253627370375825,0.0010635178978716032,0.02216557559482448
2022-01-20,-0.00739132661553698,0.00015676953091317916,0.006203431004628021,-0.03518979058127211
2022-01-21,0.0017039378647620764,-0.013700376270310514,0.009903478501684018,0.024734939220741207
2022-01-22,0.0036175597577715944,0.018240779621205808,0.002670181773881153,-0.022583314439202324
2022-01-23,0.01896170839215886,0.010728347486908058,-0.004938389747166513,-0.004066437267750637
2022-01-24,0.009704238381860504,-0.0024515700859559673,-0.011386263089082076,-0.0066679107247785896
2022-01-25,-0.005569036556624031,0.0005226300679343693,0.0014060143626492467,0.009616852316331517
2022-01-26,-0.008784146713483579,0.00270059369537063,-0.014809946167798496,-0.025369989630139964
2022-01-27,0.005119191715065057,-0.02430081842109149,-0.04069890676892451,0.0075947626573110855
2022-01-28,-0.01300233207020642,-0.0027661285902471633,0.006311837258207349,0.03258895397258964
2022-01-29,0.018514587658543538,-0.007983810975973582,0.012855087775206735,-0.02161078407348497
2022-01-30,0.01199440120721287,-0.011819440118738986,-0.03288105409758574,0.0032352986817663306
2022-01-31,-0.004491756521047049,-0.003173203514631459,-0.013936229865939126,-0.010391714844745745
2022-02-01,-0.016931345290908777,0.02177223832219427,0.008868159654072769,0.0070141952990885725
2022-02-02,0.01373872374165413,0.007890114335204118,0.029004936575963782,0.0005063644386520329
2022-02-03,-0.0009453984525261788,-0.006654147877393562,0.0004911119074557105,-0.010063790544708953
2022-02-04,0.012578163119734618,0.007070993376273903,-0.009992041177207882,0.008005956557937184
2022-02-05,-0.01574427658794367,0.016992265239032026,-0.002360550175467762,0.02906956975658789
2022-02-06,-0.005793750229537729,0.011295604194953226,0.019448269868074585,-0.002854460667636779
2022-02-07,0.00025243699718183166,0.0009155644390420895,-0.008843498507743493,0.01171612707437091
2022-02-08,0.0006698059376474205,-0.007563241332466887,-0.010988688093103549,-0.02049236732593862
2022-02-09,-0.004300654714792437,0.00857867976336308,-0.006558409310548454,-0.015102982029088139
2022-02-10,0.006428499323474987,0.004921824625060995,-0.013146600515621972,0.007758500446086038
2022-02-11,-0.010476204293825944,0.010942318640332788,0.0019173844239271376,0.02394585645657544
2022-02-12,-0.0012237948502129348,0.007822061620183635,0.022945498418573847,0.005889813580570559
2022-02-13,0.0014029563171189887,0.012794632583832023,0.004723109823624407,-0.00480892848837047
2022-02-14,0.00534438834058749,-0.006222822538726816,-0.0033329490297680266,0.00018866248677366533
2022-02-15,0.0073161487808888976,0.016008728787611906,-0.0038853577648176175,-0.01980652374351548
2022-02-16,-0.011046420918378692,0.002571195256308796,-0.0216846713217532,0.00987224522168587
2022-02-17,-0.015141141707356223,0.025103130471503185,0.012563536880060226,0.014317328997174547
2022-02-18,0.012976768218985092,-0.008070253817074814,-0.0008897207581792286,-0.007033445325329286
2022-02-19,0.003523140119795917,0.02103156563798299,-0.002326718790268759,-0.007320674364152025
2022-02-20,-0.007284865365565537,0.0025749294015517737,0.04490350594982805,0.004454051674432776
2022-02-21,0.01571151975522523,-0.007617016043373381,0.0043825407171196075,-0.006787515776649529
2022-02-22,0.0013567463429285868,-0.005606630008651859,-0.01032507470133258,-0.0008581218340131593
2022-02-23,0.011992971840638265,-0.003644167698331842,-0.005769006346877607,0.03379554862666424
2022-02-24,0.0008751848141010895,0.0052899913568229965,0.016278239928754566,-0.0037524112119359464
2022-02-25,0.02080747924881987,0.006474025856425995,0.0017857857475287026,-0.005533442432339556
2022-02-26,0.017753408424432043,-0.006684400047262949,-0.019935891696443137,-0.010160668890162547
2022-02-27,-0.002289641484790735,-9.22551071317941e-05,0.01306920508405285,0.012107071543998989
2022-02-28,0.009915709509543555,0.025907244303342365,-0.009154017197545916,-0.002699586771489648
2022-03-01,0.006653759495851475,0.020930518041208535,0.026426168867045637,-0.010189968613142817
2022-03-02,0.013886315575323488,0.005435884036088385,0.01532067292000508,0.021340864516368192
2022-03-03,-0.009449234605801044,0.0006560417380184034,-0.006062506539222517,0.022913648072218195
2022-03-04,0.007060514599984393,0.0016403759206191357,0.01813422906429158,-0.009406777051819281
2022-03-05,0.010784244868495878,0.007562215672765,0.0011499771473836462,-0.029664639221769862
2022-03-06,-0.017387394864231145,-0.012073510782380866,0.012138831451711074,0.016320219037390754
2022-03-07,-0.011632585126657751,-0.002888518449080141,0.0069862594421226465,-0.010754077212160063
2022-03-08,-0.020192321777601007,-0.019823008886531074,-0.011648993169872229,0.012850009586604299
2022-03-09,-0.0024940683444455774,0.004990677471263351,-0.008809697652444468,-0.03132166108338937
2022-03-10,0.007375422557959623,0.007966351276432892,0.014619451446136258,0.014481557412788948
2022-03-11,0.015223570520960282,-0.0055982375475924885,-0.004486854649491573,-0.0191787508684925
2022-03-12,0.0009409478041977518,0.019087841159480392,-0.0054510784853879545,0.011892225905064393
2022-03-13,0.016486155455712918,-0.014509187956028095,-0.01317171611089094,0.0004283690853829457
2022-03-14,-0.013601014582148914,-0.017372498562517845,0.006130386918308454,-0.015063030710346318
2022-03-15,-0.01683382439355155,0.0028934218227196647,0.02907534886940403,-0.0063125810068284886
2022-03-16,-0.0003554769889661878,0.012765179631345856,-0.01474546079955982,0.011181095311307213
2022-03-17,0.004040654489393072,0.020407132297494423,0.0005390723934186129,0.001894311249843748
2022-03-18,-0.00012694748094093113,-0.005306611154427281,0.019971087775816007,0.009550607687559748
2022-03-19,-0.020474421000398767,0.013144170001175548,-0.0009149794774400121,0.031823049352247765
2022-03-20,-0.0006912003951278841,-0.0002621016340084865,0.006533205147496274,-0.024827865787376825
2022-03-21,-0.012844695005048532,-0.0018715275992898356,-0.014673509394056315,0.026075401199497982
2022-03-22,0.006896725488300385,0.01080391924984007,0.00619629936090708,0.001869695000371407
2022-03-23,0.003865982460968483,0.008027874540961035,-0.002420019710063683,-0.01418054477317005
2022-03-24,-0.009198797863273551,-0.018716705883810993,0.014000219939518083,-0.021085018011823838
2022-03-25,-0.004938669173366936,0.017918484196710747,0.016823404721906517,-0.0028259262524325357
2022-03-26,-0.010392135218889516,0.016761096249769417,0.036453890988260594,0.01494640179079135
2022-03-27,-0.00042679097273171877,-0.007306752418114354,0.00831486442499006,-0.0018407859260405474
2022-03-28,0.009751423205012384,0.004949642401248908,0.00476114843215033,0.02437847888395756
2022-03-29,-0.009657260463355436,0.006128362235392866,0.0029213802220827046,-0.023018811040824944
2022-03-30,0.005240465155178444,0.0033280851898868855,-0.004744328099349637,6.576834463127042e-06
2022-03-31,-0.005102576183724408,-0.006403661846145042,0.004938773808463676,-0.019838295110609905
2022-04-01,-0.007728728322623442,-0.007859480415256618,-0.003935619741946413,0.006018110121999486
2022-04-02,-0.0008703035995455782,-0.00010664885189734332,0.0025584536677746,0.014390198241556806
2022-04-03,-0.01015242322419374,0.014272748231112378,0.018646365498511435,-0.006532188698896853
2022-04-04,-0.005336493053471821,0.006723201855133188,-0.013891595913914976,-0.04146742170603415
2022-04-05,-0.011778778925888484,-0.004247371985033272,0.016158299855806635,0.0033831703487439127
2022-04-06,0.01984725132916389,0.009460384527780138,0.018639610942758112,0.007187816827736152
2022-04-07,0.0005526355197172861,-0.033982511447560905,-0.0014529593778751023,0.0066687160793871625
2022-04-08,-0.006797255079925856,0.013985188404465242,-0.029505968586120326,0.019972515069154463
2022-04-09,0.0023397991073422202,-0.020676565345337197,-0.008309507819322054,-0.016936858874384782
2022-04-10,-0.0009232804969082983,-0.004149291296837586,0.01835792365185553,0.011083457687207192
2022-04-11,-0.00200969599533223,-0.013236038735513727,-0.00012015287218434972,0.0192801201996476
2022-04-12,0.006341667000434252,-0.015336177708650868,-0.01379023125212875,-0.02825740134410427
2022-04-13,0.007775077100473051,0.014129921448542233,-0.006866848897195045,0.005314429214703636
2022-04-14,-0.0051050114761052754,-0.005412414415742697,0.011968680371063743,-0.007866877296122744
2022-04-15,-0.005558182406446801,0.0043580465807685894,0.007854269954819311,-0.0011043627696263342
2022-04-16,-0.0025505169715164403,-0.0003630469465502089,-0.0031450493883757205,0.005762823736613382
2022-04-17,-0.02281921164735585,0.005924489926677458,-0.004935541765405626,-0.007595657025816838
2022-04-18,-0.014951910621985523,0.0011218626927230644,-0.005284614086613507,-0.010611329266585789
2022-04-19,0.013868742674445248,-0.015195906690262835,-0.012713742582979035,0.0007464386798083936
2022-04-20,0.016649677135012836,0.012155201833365681,0.022815259652572185,-0.017195935021804845
2022-04-21,-0.002290360395563783,-0.00572507899793575,-0.0043124865689587585,-0.017173202062162968
2022-04-22,0.005965569630557664,-0.018478982783917013,0.01724021929155695,0.011069972527304054
2022-04-23,0.003312501545435361,-0.0049373819315909504,0.02149842472691432,-0.018180704562538497
2022-04-24,0.030988808084552375,0.01820911748761173,0.014176352574071446,0.010861000014547392
2022-04-25,0.011395749114345769,0.010402660905361915,-0.0058426843780526785,0.007601460685663219
2022-04-26,-0.0010791759148076653,-0.003983825612894311,0.005852221264712532,-0.02741290766064955
2022-04-27,-0.009355404406004257,-0.0039910924518211455,-0.0001387384894728263,-0.01064103443737048
2022-04-28,-0.015864463202575726,-0.0036596206146085916,-0.012451826050221795,0.019305750448757958
2022-04-29,0.002234636358672231,0.02512097580273009,0.004741029944102442,-0.015498648498234907
2022-04-30,-0.007363507452843034,0.00478322542677864,-0.016306557076237238,-0.007230468196950203
2022-05-01,-0.014022537095976742,0.005360499766292835,0.01682751143846189,0.007592974292030343
2022-05-02,-0.006265728842425266,0.012563401448382108,-0.006304642162177503,0.012734248148521529
2022-05-03,-0.010615480036143949,0.0030654699083181624,0.00301623518221975,-0.003824622176711931
2022-05-04,0.017071416350725645,-0.0029085057498484373,0.00416603020164599,-0.009360163115066265
2022-05-05,0.009016397569494506,-0.0021561981890197393,-0.0034246696318570827,0.02295791778717612
2022-05-06,0.00012027358683382629,-0.0006592151129687675,0.008413713220653847,0.02802239462076126
2022-05-07,0.01499944138890026,-0.0002466668381180991,-0.0064486511927153425,0.015861728812508726
2022-05-08,0.0009736830764761831,0.008931554523643758,0.012398162164401419,0.001565090281040385
2022-05-09,-0.008412842013282636,0.0008233506296875932,-0.01864371552345448,-0.012732251546254821
2022-05-10,0.015431240772696574,0.008991680926586951,0.0019693141136497656,-0.013087110504905044
2022-05-11,0.005589100436846586,-0.0007685989613029878,0.027345005986815985,0.00856022568425212
2022-05-12,-0.010172461543264564,0.001143622283793087,-0.013804638544478045,0.00689437153421894
2022-05-13,-0.0017033867808360819,-0.023778408214385295,-0.009288429587347921,0.02262557748714287
2022-05-14,-0.008556182533847571,0.011195932096429778,0.00739470989522481,0.010607201480578227
2022-05-15,-0.01362799730964336,0.004357861710775912,0.0027141449471543714,-0.02384928482815709
2022-05-16,0.009461775475316415,0.012176121318315827,0.0051088213898298285,0.017031161883566695
2022-05-17,0.019294166404701305,-0.03455506453832427,0.007048619822067289,-0.015768970037030608
2022-05-18,-0.013785675738191411,0.02526049645736873,0.00908610055986478,-0.0059435403512376256
2022-05-19,0.005829692366905708,-0.0014750755378620851,0.015735797787387124,0.004203203300027112
2022-05-20,-0.00630642569121827,0.013498193800850199,0.005937461196999175,0.03213067983654343
2022-05-21,-0.004671253837646961,-0.01227887112550637,-0.0031776071646595944,0.04995869689608577
2022-05-22,-0.005723939242388692,0.007553286860750836,0.009616031816838238,0.009907568946178925
2022-05-23,-0.00843990769679816,-0.012440986758083873,0.026798347088533018,-0.0027311458995262056
2022-05-24,0.00068521627944827,-0.007285227528349662,-0.0016568724493560296,0.008752090375688805
2022-05-25,-0.008109501164110378,0.02316837624640143,-0.013443410265388981,0.014402486813981378
2022-05-26,0.0029045682577983883,-0.002088188809160159,0.01569912937001762,-0.004930682008915068
2022-05-27,-0.0003023810944913696,0.0028091944781566745,-0.0014853362953503753,0.028923381694597156
2022-05-28,-0.0021894804686640973,0.010640812768265052,-0.030217373644196507,0.0038811321470624332
2022-05-29,-0.008875636620415978,0.0061481826556712554,0.012063903480105904,0.008163889425462308
2022-05-30,-0.005567713305683328,0.002005026861722917,-0.007294594603354919,0.010854788032871383
2022-05-31,0.00775391225825756,0.004579532029594705,-0.0010674659522582508,0.006945385769831291
2022-06-01,0.005209171876243807,0.0290409870228593,0.004847724627966204,0.013623048007513796
2022-06-02,-0.00957555244798551,-0.0004914255644030247,0.00286699551690693,-0.00967605098475077
2022-06-03,0.0011933230542922589,0.0026131885605796103,0.010132325439946554,-0.008732828063136489
2022-06-04,0.00771387123371789,0.012807852752091346,-0.005896809187977807,-0.01740246772754712
2022-06-05,-0.01649405281121372,0.013466311195495807,0.0073834811744651575,0.007232019689923622
2022-06-06,0.005633601923799351,0.014444363666724563,-0.003433653486174841,0.012662984056193826
2022-06-07,-0.006426237589458468,0.007864762664350216,0.010543346732425043,0.007524365858430172
2022-06-08,0.005905986685931593,-0.013516058952765803,0.008815144776182749,0.026991878933560597
2022-06-09,-0.007432591565425169,0.01980117838761315,-0.012896141828624334,0.00011046369873525512
2022-06-10,-0.017848821006645192,-0.013556144716224256,0.015403749626450452,0.010899866489480202
2022-06-11,-0.016075424378831627,0.003831625582868399,-0.007303488231596673,-0.017267214018229032
2022-06-12,0.0006808494666138199,-0.008851310200232295,0.011512809175936032,-0.005993595239590417
2022-06-13,0.002797225017214819,-0.0005696601591159106,0.005342022387618769,0.011328604121052441
2022-06-14,-0.008843166251044086,0.004145148923641765,0.025934571475131715,0.013785633771890305
2022-06-15,0.006585924587773739,0.004056286585403277,-0.00292852375320593,-0.0045034711626269165
2022-06-16,-0.0164152006226896,0.005263049050823416,-0.004690435145654766,-0.0009455880297290694
2022-06-17,-0.0004607979864731657,0.019564535228703765,-7.187448242825653e-05,-0.024085979946892953
2022-06-18,-0.011910161997624567,0.005642411618167757,-0.004044516959679856,-0.00551246721290575
2022-06-19,-0.006318361078021592,-0.002729879623487784,0.011399186627188702,0.014446130616316579
2022-06-20,0.0006739867131641402,0.011769046019460288,-0.02242834851811223,0.00940328025770506
2022-06-21,-0.008404133652839523,0.014473645867095687,-0.014551553868048957,0.008210651542099356
2022-06-22,-0.0036455554422982536,-0.01453129378164391,-0.014749240902108704,0.0009963789948953612
2022-06-23,0.010262928092144406,0.007368800838198296,0.013504306287630061,0.00031301053805082326
2022-06-24,-0.005568918695231488,0.00861407290773078,0.024148587216146954,-0.010365138231575153
2022-06-25,0.00855692112065142,-0.003370762040319903,-0.001262289059524601,0.011381254723240556
2022-06-26,-0.01109706854657618,0.016708481759739432,-0.0021635041246601486,0.0069355671102302365
2022-06-27,0.005498041779152828,-0.0016006670443903207,0.0011807302835845394,0.008072301567884788
2022-06-28,0.014615686206579005,0.0017069174416585071,0.016466296236514667,-0.008216557482681287
2022-06-29,-0.024516445001272896,-0.0018768618914064353,-0.012782943878668037,-0.03425348671793991
2022-06-30,-0.007768952554704768,0.00038694857097761043,0.003537165758286992,0.017754443388059128
2022-07-01,0.0059707212718054,-0.012955301042742421,0.013852766816954017,-0.007461399296134467
2022-07-02,-0.0018304538604299266,-0.017080610591131536,0.007215318379157833,-0.01360441222468993
2022-07-03,0.003911458733713088,0.019334060758699666,0.0028541426323824078,0.0112956625906239
2022-07-04,-0.005839851867158206,-0.009963536179819934,0.014214645295939977,-0.0060722022387060745
2022-07-05,0.0010658978747289992,-0.011696708193475685,-0.037645252101989324,0.017158982144745948
2022-07-06,-0.0013567723539207948,-0.02564068136324458,0.009690254473432707,0.010072095193227161
2022-07-07,0.011877820616598074,-0.007467540972274027,-0.008957059563783933,0.011137109171207643
2022-07-08,0.0027442084330121315,-0.01567707752088998,-0.025428860555990397,-0.02165529137920855
2022-07-09,0.0035760266207520218,0.019904181921636427,0.00735683639334973,0.019591103766182408
2022-07-10,-0.003918769661224674,0.012317805072111611,0.019431219632281407,0.004380008499741696
2022-07-11,-0.004676062240724936,-0.008057804142132684,-0.0017242792047876862,-0.005708434227939251
2022-07-12,-0.00412558187819621,0.027229229664131705,0.013540243660841144,0.0024942154774760176
2022-07-13,0.004144521423782968,0.011981185843899131,0.022771895611841036,-0.02821976372637312
2022-07-14,-0.00400984480820263,-0.0036979766021034695,0.018608802350176663,0.006738444983690734
2022-07-15,0.0030977485689641293,-0.02979286857848288,0.0231595034111995,-0.016269944130913146
2022-07-16,0.020954007986454387,0.0276913108710889,0.010589784875006492,-0.021442724573496552
2022-07-17,0.008911247034316925,-0.016474869601163154,0.0012560709446222992,-0.02415774697948626
2022-07-18,-0.0030602353216784115,-0.019544784963482702,-0.02222752136656036,0.018003013999838804
2022-07-19,0.012212139221639448,0.012470845184115684,-0.00324487483381928,-0.009868214299084618
2022-07-20,-0.003880753730215514,0.029477028876071273,-0.011605452334426685,0.024739643358663986
2022-07-21,-0.02018124535177854,0.016811273822126216,0.03059319804496939,-0.008372823408836765
2022-07-22,-0.00988086310917404,0.006966909440628315,-0.0022624013740527127,-0.02711772732148715
2022-07-23,-0.018507919210258558,0.007337052099983431,0.0019248672949827995,-0.017664391039178547
2022-07-24,-0.0033151348404130867,0.010440986705363694,0.007920795264566545,0.019972985920111017
2022-07-25,0.000384183791895517,0.009307143077441182,0.0008104342492143521,-0.0022943708469866804
2022-07-26,0.016964373122752827,0.00357429708763251,0.02393071456603054,-0.008572596743849614
2022-07-27,0.0034692737376416267,0.0014504132474225128,-0.008517091064282327,0.0027602916136446032
2022-07-28,-0.0019910052880886425,-0.000551117534794269,0.002924504373321398,0.00822852377868072
2022-07-29,0.008494055811834893,-0.008847575066400114,-0.010194588199772675,0.01807838105443937
2022-07-30,-0.021911353090078852,-0.0031681009224012887,-0.01828031515708988,0.02337598767828682
2022-07-31,0.0025561455810856593,-0.020115481770344626,-0.008364767272673995,-0.005556298332625372
2022-08-01,0.007908651938869669,-0.0009800755215369987,-0.0003185151586777683,-0.021016762977312614
2022-08-02,-0.014585862457798415,-0.01166309328581101,-0.00581023114324164,-0.006415442577972417
2022-08-03,0.011637540432069292,-0.01304307180658925,-0.009493893718233984,0.004364488105326178
2022-08-04,0.0035849640749441416,0.0023587298138417418,-0.019488444491405677,-0.015220142819369774
2022-08-05,-0.003952879139008013,0.016904027436135192,-0.0009634780168017268,-0.015114414638320686
2022-08-06,0.006527818661062848,0.011219799272027757,-0.02086608523643403,0.005700606104798167
2022-08-07,0.022906928578043956,-0.018646007243478126,0.010840783491654437,-0.0005784376251272184
2022-08-08,0.0020186625505849514,-0.01167553763884405,0.001354156541083046,0.0007247519265853842
2022-08-09,0.002682205863003361,0.011489254255858592,-0.02020572099250903,-0.011935925355201112
2022-08-10,-0.004393608995402441,-0.011589848722459715,-0.004128927078698089,-0.003486411427292277
2022-08-11,-0.008298443694647918,-0.0024955977999642953,-0.010330189678268164,-0.01458773030829287
2022-08-12,0.008503358165442457,0.006800625188294622,0.004668443145868526,0.01444317457799659
2022-08-13,-0.008360838259088671,-0.011420133458363624,0.01896630624432402,0.01676398935558004
2022-08-14,0.0009156623721939247,0.001464506073751519,-0.026052414575040424,-0.029339005795809503
2022-08-15,-0.004576574467651167,-0.015808305939018455,0.0018103651080638404,-0.01467217376307856
2022-08-16,0.004989798257463918,-0.0070164117274145645,-0.0020418591379329654,-0.023744468081441268
2022-08-17,0.003536621052869483,0.004037383209710444,0.00959876107030652,-0.010200382950510371
2022-08-18,0.010575399442578994,-0.018915924802380035,0.0031847527953276483,-0.0011350075166457736
2022-08-19,-0.00490016398854747,0.005485696855524787,-0.010327570644343467,-0.022994323515176482
2022-08-20,-0.0024987493529337124,-3.565358712017457e-05,-0.004266755099332655,-0.01454975701000501
2022-08-21,-0.009587637157823074,0.006829879453005773,-0.010944361995248847,-0.015863317953303976
2022-08-22,-0.004242932600761117,0.0028869696087759373,0.015264099940380377,0.0035162772703831034
2022-08-23,0.003973004930448522,0.01656968515968613,0.0004983630814071911,0.0013095093925800068
